total,datetime_utc,PV,CHP,mean_global_irradiance,Air_temp,Facility_Manager,Engine_test_stand
140.47115016487177,2023-12-11 03:00:00,0.0039939768461246,-103.701275,0.0003155405455085,9.12327781495082,John Doe,On
140.47115016487177,2023-12-11 04:00:00,0.0042364355482031,-100.273572,0.0,8.826644290017489,John Doe,On
185.8306222884517,2023-12-11 05:00:00,0.0030473848361803,-59.799855609289615,0.0,8.852401386897803,John Doe,On
80.15535857623738,2023-12-11 06:00:00,0.0025302214150074,-179.76818585245903,0.0230926117007552,8.881453643266138,John Doe,Standby
80.15535857623738,2023-12-11 07:00:00,-5.219207145534996,-53.5417086010929,1.8810847981633407,8.882630488618435,John Doe,On
304.73228808548856,2023-12-11 08:00:00,-34.915018578524176,-90.55582666666666,25.303822404728443,9.32512380278372,Jane Smith,On
378.6607672292567,2023-12-11 09:00:00,-53.073728082918514,-80.06779215846996,133.3171165428002,10.174595076163914,Jane Smith,On
401.09557852490366,2023-12-11 10:00:00,-88.51124414457462,-5.959863065573771,188.1048680413313,10.95604195988153,Jane Smith,On
271.4278056618148,2023-12-11 11:00:00,-72.37812872630242,-88.96024255191257,142.13753620911982,11.170263397199395,Jane Smith,On
287.61581120183286,2023-12-11 12:00:00,-39.60859471607524,1.9960711666666668,87.13728075177323,11.102022583612044,Jane Smith,On
281.0445911788044,2023-12-11 13:00:00,-26.139644651393755,1.8392662841530047,60.05973569819242,10.853903122451197,Jane Smith,On
281.0445911788044,2023-12-11 14:00:00,-9.383755985041992,-122.879105,19.02503194561423,10.363090249202251,Jane Smith,On
294.0415806344108,2023-12-11 15:00:00,-0.4612122056505365,-122.879105,1.660213703860454,10.310099408161696,Jane Smith,On
241.6114504884181,2023-12-11 16:00:00,0.0051947712144605,-88.0751052295082,0.0,10.41647333550393,Alex Brown,On
226.8224315008704,2023-12-11 17:00:00,0.0038953849995874,-79.17394908196721,0.0,10.348057081554378,Alex Brown,On
195.7822888314763,2023-12-11 18:00:00,0.004389866640431,-91.35600336612022,0.0,10.40567233225068,Alex Brown,On
275.5947786176108,2023-12-11 19:00:00,0.0034436199233681,1.304805146174863,0.0,10.384240026871614,Alex Brown,On
275.5947786176108,2023-12-11 20:00:00,0.0025763035920729,1.304805146174863,0.4753657647475198,9.472827574060789,Alex Brown,On
66.54225522582597,2023-12-11 21:00:00,0.0046059094561434,-166.34527972131147,1.4936790225122178,10.108638941976356,Alex Brown,Standby
235.7916033580496,2023-12-11 22:00:00,0.0043270656278618,1.951584046448088,0.0,9.971966817225203,Alex Brown,On
231.3602500049627,2023-12-11 23:00:00,0.0038093358656397,0.6062763961748634,0.0,9.30715604961758,Alex Brown,On
231.3602500049627,2023-12-12 00:00:00,0.0047483817156333,-20.8449855,0.0,9.481686213690375,John Doe,On
91.06201386644642,2023-12-12 01:00:00,0.0048087546246209,-141.2920818387978,7.515431692201666e-05,9.866409551437808,John Doe,On
232.21991709756827,2023-12-12 02:00:00,0.0048966550338116,1.7012458551912568,0.1567521767450825,10.012664269693753,John Doe,On
157.22130125123613,2023-12-12 03:00:00,0.0051077902072171,-87.50946641530054,0.1254408733527399,9.804662442707311,John Doe,On
175.0694584265054,2023-12-12 04:00:00,0.0049198124392924,-70.43235683333334,0.0544889127178893,10.231334218956256,John Doe,On
127.13277179735591,2023-12-12 05:00:00,0.0030047286083014,-117.50689333333332,0.0,10.231334218956256,John Doe,On
242.18780034886456,2023-12-12 06:00:00,0.0015349512024739,-21.8033365,0.0611888997194116,10.454107164324943,John Doe,On
305.10758204577365,2023-12-12 07:00:00,-5.457216922020415,0.0812306666666666,8.88337308829016,10.65190416318332,John Doe,On
379.2799109679977,2023-12-12 08:00:00,-31.520199249083696,0.0807961666666666,86.92595929954886,11.381367387387668,Jane Smith,On
477.3723300254964,2023-12-12 09:00:00,-20.780403397837706,0.0808933333333333,102.31398208557874,11.962483573921649,Jane Smith,On
342.03464978068087,2023-12-12 10:00:00,-41.47668276651525,-85.3372715,181.32981322913807,12.450268020357491,Jane Smith,On
238.50430501445663,2023-12-12 11:00:00,-30.559130957568573,-184.3764023333333,137.96676202108736,12.759637360750776,Jane Smith,On
238.50430501445663,2023-12-12 12:00:00,-23.44731029894339,-184.33293,64.39311924319802,13.005800360733096,Jane Smith,On
231.7654266162942,2023-12-12 13:00:00,-7.584883211887349,-184.2903523333333,43.563821145889655,12.811622985181575,Jane Smith,On
251.0865749100991,2023-12-12 14:00:00,-5.717864823178354,-184.43221466666665,18.18054764284945,11.806151380065566,Jane Smith,On
189.86659911056373,2023-12-12 15:00:00,-0.14323831024437,-184.6530368333333,4.001245773669492,12.179655776997413,Jane Smith,On
132.32930724450617,2023-12-12 16:00:00,0.004464199221757,-184.5255121666667,0.0,11.740145099537532,Alex Brown,On
136.8470935251798,2023-12-12 17:00:00,0.0040039300134126,-184.5346885,0.004288450901818,11.30447673682736,Alex Brown,On
136.8470935251798,2023-12-12 18:00:00,0.0034507674943041,-184.6628825,0.0,11.043322856147077,Alex Brown,On
103.60809579060968,2023-12-12 19:00:00,0.0024672861820729,-184.7936978333333,0.0,10.8060086186897,Alex Brown,On
43.69996876323469,2023-12-12 20:00:00,0.0023785741141782,-185.13417116666668,0.0,10.509037472728348,Alex Brown,Off
43.69996876323469,2023-12-12 21:00:00,0.0034305309838576,-184.710233,0.0,10.25654724692103,Alex Brown,Standby
54.42239838130685,2023-12-12 22:00:00,0.0023971519263329,-185.0778228333333,0.0,10.31624399065034,Alex Brown,Standby
60.11591270102894,2023-12-12 23:00:00,0.003645466285529,-184.72986416666663,0.0,9.889688828876746,Alex Brown,Standby
53.25829576530472,2023-12-13 00:00:00,0.0043195087484448,-184.8322633333333,0.0,9.591227775263944,John Doe,Standby
53.72349670959481,2023-12-13 01:00:00,0.0035429828215224,-184.8322633333333,0.0,9.096117378649828,John Doe,Standby
50.21104706631544,2023-12-13 02:00:00,0.0045616377440592,-185.0737815,0.0,9.018315347965457,John Doe,Standby
50.21104706631544,2023-12-13 03:00:00,0.0044927593848113,-185.18055116666667,0.0,8.839005281697373,John Doe,Standby
63.24109804711712,2023-12-13 04:00:00,0.0044984310805029,-184.94597316666665,0.0,8.661097287761418,John Doe,Standby
63.24109804711712,2023-12-13 05:00:00,0.0036876775412705,-184.63869000273223,0.0,8.013566004868041,John Doe,Standby
92.60809553260437,2023-12-13 06:00:00,0.0020265289342761,-184.2502695,0.0,6.691055293328135,John Doe,On
140.22795961526944,2023-12-13 07:00:00,-9.94861436969938,-184.38320661202184,9.37072299266058,6.121580534593496,John Doe,On
206.203084404876,2023-12-13 08:00:00,-52.18558892336211,-184.67744366666665,61.983750060656845,6.538165830882259,Jane Smith,On
391.6973509821571,2023-12-13 09:00:00,-70.06230962232323,-184.7172745,41.83056868972234,7.812894003525484,Jane Smith,On
461.0790983109494,2023-12-13 10:00:00,-105.06749552975448,-184.729428,59.23994198223114,8.602227125100438,Jane Smith,On
339.8500881744149,2023-12-13 11:00:00,-54.59305579795873,-184.26367,43.7115882747788,9.158792238860151,Jane Smith,On
320.9062051599694,2023-12-13 12:00:00,-62.75632562880521,-189.66069564648345,36.72722010353468,8.84557034282705,Jane Smith,On
396.35564879379547,2023-12-13 13:00:00,-40.21908802169986,-184.12001383333333,14.28677976209296,8.89962930093145,Jane Smith,On
351.53694043054435,2023-12-13 14:00:00,-17.97739791984405,-184.33409016666664,10.48256242135272,9.047556486393402,Jane Smith,On
351.53694043054435,2023-12-13 15:00:00,-1.1682945005257903,-184.40342566666664,0.7582296860403012,9.10809372362769,Jane Smith,On
185.2303534214379,2023-12-13 16:00:00,0.0062771204714004,-184.3849685,0.0,9.14533658981529,Alex Brown,On
167.36113475628423,2023-12-13 17:00:00,0.0057228585374701,-184.3987535,0.0,9.294932811979043,Alex Brown,On
145.88577649523225,2023-12-13 18:00:00,0.0059416037218315,-184.4874308333333,0.0,9.358713918996417,Alex Brown,On
133.8193106864355,2023-12-13 19:00:00,0.0053918494039868,-184.7626091666667,0.0,9.383151836135957,Alex Brown,On
117.73551769769324,2023-12-13 20:00:00,0.0056044179067625,-185.0576505,0.0,9.34859946990044,Alex Brown,On
123.5596392067212,2023-12-13 21:00:00,0.0054788533073081,-184.76937266666664,0.0,9.05515124074063,Alex Brown,On
109.68955962904909,2023-12-13 22:00:00,0.0056226196868061,-185.134447,0.0,9.097913735822605,Alex Brown,On
105.97045705056064,2023-12-13 23:00:00,0.0051156099154171,-185.121711,0.0,8.957714010464692,Alex Brown,On
103.20846470960032,2023-12-14 00:00:00,0.0037002104287592,-185.01056266666663,0.0,8.693088655036366,John Doe,On
102.82744740635628,2023-12-14 01:00:00,0.0040268293965284,-185.3487268333333,0.0628114918752963,8.585541412639587,John Doe,On
104.62461273900956,2023-12-14 02:00:00,0.0057647571915992,-184.907062,7.843311203508333e-05,8.80644594245339,John Doe,On
118.14615773193422,2023-12-14 03:00:00,0.0057846478663831,-185.0473828333333,0.0,8.717624864575917,John Doe,On
123.06568094298537,2023-12-14 04:00:00,0.0042212471732498,-185.09906116666664,0.0,8.774240202159623,John Doe,On
123.9787510711799,2023-12-14 05:00:00,0.0031471129829122,-184.8023495,0.0,8.772733866410809,John Doe,On
147.9910115662928,2023-12-14 06:00:00,0.0045077733141685,-184.43659866666664,0.0,8.476146726443712,John Doe,On
165.58618069088226,2023-12-14 07:00:00,-4.055448930024304,-184.2876995,11.141731897671114,7.97180008833463,John Doe,On
218.6948814562901,2023-12-14 08:00:00,-16.887410769378548,-184.36268513934425,71.40977120945331,8.416372837073073,Jane Smith,On
293.1199900104417,2023-12-14 09:00:00,-18.480663719523104,-184.19580666666667,113.83943393929006,9.39291261783066,Jane Smith,On
290.59898883005206,2023-12-14 10:00:00,-22.34044510557716,-184.2534833333333,177.46985534125514,10.19964465652558,Jane Smith,On
226.18262895425048,2023-12-14 11:00:00,-45.578216288044,-184.30851124863383,109.15112982892266,10.255959686032478,Jane Smith,On
215.3248483357393,2023-12-14 12:00:00,-66.04163828302148,-184.30851124863383,119.72622309728986,10.346990193680478,Jane Smith,On
274.4620801242087,2023-12-14 13:00:00,-34.54971843338941,-184.4535398497268,97.73297168057329,10.522508931079717,Jane Smith,On
236.3893303493401,2023-12-14 14:00:00,-7.427782834525875,-184.1928426857924,44.46138287420683,10.303810265454116,Jane Smith,On
232.32920535387427,2023-12-14 15:00:00,-0.0098640056002389,-184.6051918333333,2.5683762943713107,8.685074984364322,Jane Smith,On
170.24535513457002,2023-12-14 16:00:00,0.0054297699564795,-184.4331177923497,0.0,7.056108429366346,Alex Brown,On
164.669628203571,2023-12-14 17:00:00,0.0053764757842757,-184.52811686612023,0.0,6.271002724374766,Alex Brown,On
164.669628203571,2023-12-14 18:00:00,0.0045784034230652,-184.8362256448088,0.0,7.145833036083909,Alex Brown,On
134.14722385128582,2023-12-14 19:00:00,0.0039545277615723,-184.87916932513664,0.0,7.096616731662276,Alex Brown,On
95.59568368465531,2023-12-14 20:00:00,0.005138828090142,-184.75110115300544,0.0,6.134330845301777,Alex Brown,On
95.34667672771306,2023-12-14 21:00:00,0.0049959754088567,-184.9410483196721,0.0,5.908606073254977,Alex Brown,On
88.30780655650466,2023-12-14 22:00:00,0.004026528347806,-185.05542036885248,0.0,6.25751845308453,Alex Brown,On
85.69616145210514,2023-12-14 23:00:00,0.0045515462014702,-185.00611748360657,0.0,6.093305637565737,Alex Brown,On
88.88960445032146,2023-12-15 00:00:00,0.0030206151966356,-185.18299113934424,0.0,5.438142303721588,John Doe,On
83.33126545450966,2023-12-15 01:00:00,0.0015471052990952,-185.1932515628416,0.0,5.68758951905713,John Doe,On
84.58300544770441,2023-12-15 02:00:00,0.0034500565885493,-185.2450265,0.0,5.999937522416955,John Doe,On
94.08878027593671,2023-12-15 03:00:00,0.0056212112229845,-184.9140293360656,0.0,5.707349340505638,John Doe,On
99.9961449350464,2023-12-15 04:00:00,0.0051219249181123,-185.0626695,0.0,5.2628280153929134,John Doe,On
98.26586006884595,2023-12-15 05:00:00,0.0047652126204631,-184.9140948306011,0.0,4.914996618202463,John Doe,On
124.53002834992766,2023-12-15 06:00:00,0.0011582095211042,-184.41287,0.0022922073489235,4.9143911032001295,John Doe,On
136.38228591252752,2023-12-15 07:00:00,-7.496799656416806,-184.2833553333333,5.535023885329142,5.313615407550822,John Doe,On
185.4393585909752,2023-12-15 08:00:00,-38.58875616713348,-184.0994433333333,26.31472747309348,6.255425144125164,Jane Smith,On
201.38088927922604,2023-12-15 09:00:00,-67.8378524956673,-184.25986116666667,28.42522229197792,6.8714722418319445,Jane Smith,On
284.02990644511465,2023-12-15 10:00:00,-38.16338668920257,-184.33831966666665,31.762429612725363,7.427145688325965,Jane Smith,On
216.4976714215376,2023-12-15 11:00:00,-73.55587918130261,-184.25026316666668,63.41046542954232,7.890632966982054,Jane Smith,On
239.6300253945311,2023-12-15 12:00:00,-58.89165578197224,-184.31349716666668,103.7082618854945,8.045455607237212,Jane Smith,On
243.28316443457447,2023-12-15 13:00:00,-25.40566606562451,-184.316044,59.82096868311088,7.906412667828663,Jane Smith,On
158.7564643563951,2023-12-15 14:00:00,-15.106378940908526,-184.50526866666664,16.1393278482576,7.674216660617092,Jane Smith,On
177.126311089515,2023-12-15 15:00:00,-0.8422466878415187,-184.572852,0.217409495437626,7.301447549398889,Jane Smith,On
101.77246282034864,2023-12-15 16:00:00,0.0035756427908351,-184.68788966666665,0.0,7.301447549398889,Alex Brown,On
121.32384106948726,2023-12-15 17:00:00,0.0028042090278601,-184.588529,0.0,6.617129344108624,Alex Brown,On
79.50101978106316,2023-12-15 18:00:00,0.0027033356269254,-184.70410616666663,0.0,6.522699426417067,Alex Brown,Standby
95.6724461744618,2023-12-15 19:00:00,0.002064539655282,-184.88163983333328,0.0,5.793728451759185,Alex Brown,On
55.51613812951249,2023-12-15 20:00:00,0.0010841462240062,-184.840646,0.0,5.639968995101495,Alex Brown,Standby
59.9139875286646,2023-12-15 21:00:00,0.0024522492512134,-184.84224233333333,0.0,5.639968995101495,Alex Brown,Standby
51.63903121678355,2023-12-15 22:00:00,0.0021345889438569,-184.9624655,0.0,5.513508300015331,Alex Brown,Standby
45.95138662856931,2023-12-15 23:00:00,0.0027903975063068,-185.02789566666667,0.0,5.541650440471797,Alex Brown,Standby
46.72317574858439,2023-12-16 00:00:00,0.0029310914349527,-185.00521416666663,0.0,5.404883764398076,John Doe,Standby
44.805538197472806,2023-12-16 01:00:00,0.0023993157838408,-184.94345316666664,0.0,5.260375263280165,John Doe,Standby
40.30828410028645,2023-12-16 02:00:00,0.0010527112070243,-184.807247,0.0,5.1260242246054695,John Doe,Off
38.980336063916056,2023-12-16 03:00:00,0.0019561953916034,-185.1266098333333,0.0,5.149676730711811,John Doe,Off
40.00327470269387,2023-12-16 04:00:00,0.001808615449836,-184.9300025,0.0,5.022932498172949,John Doe,Off
35.832412864048734,2023-12-16 05:00:00,0.0013498501379573,-184.79860266666668,0.0,5.168924020588352,John Doe,Off
35.5886902817401,2023-12-16 06:00:00,-0.0013504065571698,-184.61043166666667,0.0,5.088571216149962,John Doe,Off
33.42613048797216,2023-12-16 07:00:00,-2.9688364159302707,-184.4494963333333,12.537357879754415,5.3805387754508205,John Doe,Off
11.465434384415028,2023-12-16 08:00:00,-20.2330613863864,-184.2777883333333,57.34757891774426,5.832594669676194,Jane Smith,Off
2.833014302067546,2023-12-16 09:00:00,-41.00948198615009,-184.5002548551913,110.49930410852016,6.297483132400262,Jane Smith,Off
-13.663506257279776,2023-12-16 10:00:00,-53.84788418884405,-184.3244848333333,58.23129506604721,6.656876034935419,Jane Smith,Off
4.926801174230728,2023-12-16 11:00:00,-68.9553732330061,-153.4299835,99.68154857779888,6.672723453458809,Jane Smith,Off
-31.91829350446636,2023-12-16 12:00:00,-89.72120886067393,-172.20154933333336,96.75083322864056,7.034575041969433,Jane Smith,Off
-17.014538464954274,2023-12-16 13:00:00,-59.25472062337541,-184.6417744726776,44.67042774442056,7.317543515221486,Jane Smith,Off
17.007530179652253,2023-12-16 14:00:00,-19.04894163223559,-184.95900065873016,27.012604176490573,7.425999239673171,Jane Smith,Off
34.68480656512205,2023-12-16 15:00:00,-2.377245615568662,-184.8005983333333,3.0796723833339352,7.4120059577965405,Jane Smith,Off
47.41564845027188,2023-12-16 16:00:00,0.0053605789080735,-184.80466333333337,0.0,7.474877826658502,Alex Brown,Standby
42.32669126713318,2023-12-16 17:00:00,0.0039191022401909,-184.5352535,0.0,7.31369999397731,Alex Brown,Off
46.6958483417527,2023-12-16 18:00:00,0.003088516367053,-184.773663,0.0,6.8924589223084585,Alex Brown,Standby
42.52418429125699,2023-12-16 19:00:00,0.0011326612086991,-184.773663,0.0,6.860454148679809,Alex Brown,Off
51.57122829095539,2023-12-16 20:00:00,0.0026391756303185,-184.8307911666667,0.0,7.161847490573008,Alex Brown,Standby
43.28516860676449,2023-12-16 21:00:00,0.0015229440544582,-185.06859433333327,0.0,7.265412145152935,Alex Brown,Off
46.0075990174114,2023-12-16 22:00:00,0.0021457191726516,-185.006354,0.0,7.20985890976982,Alex Brown,Standby
47.28292887286528,2023-12-16 23:00:00,0.0012269093177065,-185.0828705,0.0,7.152744204506402,Alex Brown,Standby
47.47456853009904,2023-12-17 00:00:00,0.0017224526817782,-185.005992,0.0,7.0168437326325845,John Doe,Standby
44.522035746799546,2023-12-17 01:00:00,0.0007617182227333,-185.0728123333333,0.0,6.922384989855035,John Doe,Standby
44.522035746799546,2023-12-17 02:00:00,-5.01577145454839e-05,-184.81588033333333,0.0,6.902702353757154,John Doe,Standby
44.522035746799546,2023-12-17 03:00:00,0.0001320046287753,-185.02797972131148,0.0,6.867819463273023,John Doe,Off
46.737416959525056,2023-12-17 04:00:00,4.3608214616667096e-05,-185.13325373770488,0.0,6.899439068790227,John Doe,Standby
46.22140526672217,2023-12-17 05:00:00,-0.000374630356853,-185.13325373770488,0.0,6.806512473467264,John Doe,Standby
41.07681934176211,2023-12-17 06:00:00,0.0005196710938741,-184.6774007896175,0.0,6.759626970312185,John Doe,Off
36.22046628255285,2023-12-17 07:00:00,-6.553226532174123,-184.90454371584704,4.172136049606233,6.759626970312185,John Doe,Off
5.885577893843714,2023-12-17 08:00:00,-36.749170022304966,-184.5918085737705,30.38510585253812,6.788687167121105,Jane Smith,Off
-25.18841852410361,2023-12-17 09:00:00,-75.3251358478558,-184.68695975409835,60.24313523966027,7.172569020206852,Jane Smith,Off
-51.64125495557594,2023-12-17 10:00:00,-98.29964160957884,-184.51790331693988,80.63971381019766,7.772070408910202,Jane Smith,Off
-51.64125495557594,2023-12-17 11:00:00,-107.13158842430438,-184.76498966666668,103.01451333199064,8.29378067809123,Jane Smith,Off
-54.34893792496307,2023-12-17 12:00:00,-90.84086783189764,-184.5829815,141.18971993862075,8.654100406957275,Jane Smith,Off
-10.840489771762572,2023-12-17 13:00:00,-50.26667285659113,-184.9376485,141.41385185513838,8.880488699508586,Jane Smith,Off
15.454574411864815,2023-12-17 14:00:00,-24.08545070509148,-184.9224538333333,46.32465258829273,8.389739918501744,Jane Smith,Off
38.89987044386219,2023-12-17 15:00:00,-3.3920915324181142,-184.9224538333333,6.195783442379421,7.420055551181466,Jane Smith,Off
43.561006004280365,2023-12-17 16:00:00,0.0044765735659634,-184.7141629262295,0.0054957968567536,6.766342960762136,Alex Brown,Off
43.561006004280365,2023-12-17 17:00:00,0.0023207822453085,-184.87540900273223,0.0,6.766342960762136,Alex Brown,Off
45.45864068522035,2023-12-17 18:00:00,0.0018730157865485,-184.6653424262296,0.0,4.867931514318074,Alex Brown,Standby
41.79114028337865,2023-12-17 19:00:00,0.0019099637191688,-184.8964103333333,0.0,3.936687584618451,Alex Brown,Off
41.48036317524412,2023-12-17 20:00:00,0.0018662108146551,-184.77063803005464,0.0,3.399652293236127,Alex Brown,Off
46.013510737190565,2023-12-17 21:00:00,0.0016854231280806,-184.4771952540984,0.0,2.740044404140323,Alex Brown,Standby
43.56983508442108,2023-12-17 22:00:00,0.0030516517299673,-184.6241319398907,0.000257180041513,2.2650406817279745,Alex Brown,Off
47.69859489007681,2023-12-17 23:00:00,0.002972902528687,-184.99002330054643,0.0127039133816538,2.6954719277527994,Alex Brown,Standby
49.81232221074956,2023-12-18 00:00:00,0.0025928258916215,-185.0534180054645,0.0,2.281596650852869,John Doe,Standby
44.93715673754685,2023-12-18 01:00:00,0.0020920343168282,-185.15225193442623,0.0,1.6713838733524116,John Doe,Standby
50.64863605342765,2023-12-18 02:00:00,0.0014927982379072,-184.860106,0.0880403729832538,2.16738072837098,John Doe,Standby
59.714895600738586,2023-12-18 03:00:00,0.000391450068762,-184.99161416666664,0.0,2.631792927204818,John Doe,Standby
67.17787564081424,2023-12-18 04:00:00,0.0006495083926353,-184.86559420765025,0.0,3.020164587446104,John Doe,Standby
68.5657781493567,2023-12-18 05:00:00,-0.0003510055613089,-184.4876803770492,0.0,3.056403267225151,John Doe,Standby
91.3114301290042,2023-12-18 06:00:00,-0.0007541175388287,-184.397176,0.0028934928372603,3.608794113057906,John Doe,On
117.65086091367972,2023-12-18 07:00:00,-1.9242028051161308,-184.2013408333333,9.569961837123405,3.802843879746752,John Doe,On
195.8906358092276,2023-12-18 08:00:00,-16.41525104930733,-184.06140666666667,72.6514059078373,3.757982703273101,Jane Smith,On
195.8906358092276,2023-12-18 09:00:00,-36.22916565963259,-184.18927666666667,155.26562315557686,4.1980519894571975,Jane Smith,On
146.85279603372825,2023-12-18 10:00:00,-50.2804228508504,-184.119583,172.23972461596756,4.452580588733892,Jane Smith,On
94.60405881077476,2023-12-18 11:00:00,-65.6386835907339,-184.28537233333333,218.06444707261272,5.757667447313433,Jane Smith,On
53.67635968843149,2023-12-18 12:00:00,-95.79030189179151,-184.4927118333333,199.878628043878,6.541225658382234,Jane Smith,Standby
80.8779002157301,2023-12-18 13:00:00,-55.222749654344575,-184.5378778333333,124.04290831850284,6.845147728122457,Jane Smith,Standby
117.56621221084713,2023-12-18 14:00:00,-23.72212189067884,-184.6708678333333,55.13868004339111,5.777906310973159,Jane Smith,On
132.9487325840227,2023-12-18 15:00:00,-1.4163597310154812,-184.37574533333333,7.856918822398881,5.777906310973159,Jane Smith,On
127.01007210796064,2023-12-18 16:00:00,0.00304781327249,-184.78923766666665,0.0,3.3130497611371488,Alex Brown,On
112.89856806957349,2023-12-18 17:00:00,0.0007347478790367,-184.46146616666667,0.0,3.469176407448108,Alex Brown,On
112.89856806957349,2023-12-18 18:00:00,-0.0023199200559003,-184.6996108333333,0.0,3.54968222721776,Alex Brown,On
112.89856806957349,2023-12-18 19:00:00,-0.0039762679270379,-184.6636765,0.0,3.3666214981012588,Alex Brown,Standby
78.80918426759746,2023-12-18 20:00:00,-0.0063128131738693,-185.0037168333333,0.0,2.628986794124218,Alex Brown,Standby
65.06062698825181,2023-12-18 21:00:00,-0.0006060869028347,-185.02300683333328,0.0,2.318854701931203,Alex Brown,Standby
65.06062698825181,2023-12-18 22:00:00,-0.0046047213944643,-185.02300683333328,0.0,1.9062024983609207,Alex Brown,Standby
57.47775082767252,2023-12-18 23:00:00,-0.0061892360624634,-184.68481016666664,0.0,1.6535660641032417,Alex Brown,Standby
57.33721107084895,2023-12-19 00:00:00,-0.00057160939787,-184.68481016666664,0.0,1.5975642277559678,John Doe,Standby
63.515487857180936,2023-12-19 01:00:00,0.0007262008020641,-185.1767256666667,0.0,1.432153183902574,John Doe,Standby
63.515487857180936,2023-12-19 02:00:00,-0.0002414934561031,-184.96726016666665,0.0,1.298602553596528,John Doe,Standby
63.515487857180936,2023-12-19 03:00:00,-0.0013647200553652,-184.96726016666665,0.0,1.2471834345037365,John Doe,Standby
81.481170344581,2023-12-19 04:00:00,0.0029312160634044,-184.98113116666664,0.0,1.5481229330996478,John Doe,Standby
68.41008633344237,2023-12-19 05:00:00,-9.66168506373819e-05,-184.52028550000003,0.0,1.6870044653311949,John Doe,Standby
90.810422461535,2023-12-19 06:00:00,-0.0015675608155161,-184.3351208333333,0.0,1.9233795871769648,John Doe,On
122.99227605197224,2023-12-19 07:00:00,-1.6898115132560962,-184.2351208333333,2.385604208249899,2.128642723238275,John Doe,On
244.265937582981,2023-12-19 08:00:00,-19.17105901733186,-184.2526575,24.72360789608512,1.91146889132232,Jane Smith,On
197.9151240380873,2023-12-19 09:00:00,-19.16828287174261,-184.67044965300548,53.24946422997773,2.142404529716397,Jane Smith,On
197.9151240380873,2023-12-19 10:00:00,-21.78923060084827,-184.32646716666667,75.13916694626197,2.3073893027934305,Jane Smith,On
142.29351803225674,2023-12-19 11:00:00,-26.06044500676492,-184.13245816666668,99.73035750279014,2.8614227722146994,Jane Smith,On
200.6105446353775,2023-12-19 12:00:00,-22.045276690101883,-184.45740416666663,172.47009419033606,2.8614227722146994,Jane Smith,On
281.26269088866104,2023-12-19 13:00:00,-15.968739760893294,-184.2625368333333,102.37316458069728,3.720246817568472,Jane Smith,On
209.8438270863708,2023-12-19 14:00:00,-5.858677515508576,-184.5512507540984,53.80184733930744,3.798675597571087,Jane Smith,On
134.603328232567,2023-12-19 15:00:00,-0.1115628745547198,-184.653419,4.284624118715962,3.4530188109081137,Jane Smith,On
121.25300795343188,2023-12-19 16:00:00,0.0034611144699446,-184.59770966666665,0.0,3.1563021444518093,Alex Brown,On
106.79469665071534,2023-12-19 17:00:00,0.0008806580085071,-184.5581764206349,0.0,3.122037498507915,Alex Brown,On
86.17939641410253,2023-12-19 18:00:00,-0.0010368190955046,-184.6993775,0.0,2.392951513526782,Alex Brown,On
76.78278224677067,2023-12-19 19:00:00,0.0031661297126039,-184.77374666666668,0.0,2.0470194046835943,Alex Brown,Standby
56.07350636886034,2023-12-19 20:00:00,0.0005532274859022,-184.88893416666667,0.0,1.8411197452464232,Alex Brown,Standby
61.03043747702449,2023-12-19 21:00:00,0.0021276726732862,-184.6799835,0.0,0.9434579836282372,Alex Brown,Standby
53.77880798700245,2023-12-19 22:00:00,0.0036290884084573,-184.9823273333333,0.0012272005932896,0.4231913212222852,Alex Brown,Standby
58.60953523639936,2023-12-19 23:00:00,0.0035353012033418,-185.0605455,0.1069411528201212,0.3419894934345944,Alex Brown,Standby
60.61206052466786,2023-12-20 00:00:00,0.0003864369853075,-185.18357533333327,0.0,0.8615230598217226,John Doe,Standby
60.61206052466786,2023-12-20 01:00:00,0.0013308057641891,-185.1282413333333,0.0,0.679176262321311,John Doe,Standby
57.52837227952165,2023-12-20 02:00:00,0.0004502755040531,-185.03108916666667,0.0,0.3122640366616392,John Doe,Standby
65.86270031865473,2023-12-20 03:00:00,0.0016136661706622,-185.1106136666667,0.0534065355074146,0.9222474455352104,John Doe,Standby
76.22678454843677,2023-12-20 04:00:00,0.0021755198908562,-185.1106136666667,0.0,1.8037067650996923,John Doe,Standby
74.06408341076919,2023-12-20 05:00:00,8.17043440462337e-05,-184.81989916666663,0.275872629992257,2.0411649381101653,John Doe,Standby
95.15416919251336,2023-12-20 06:00:00,-0.0003533009599893,-184.44423861748635,0.2224285917509802,2.20748567818456,John Doe,On
132.72697237865347,2023-12-20 07:00:00,-3.1879766051530014,-184.2191530628415,2.288899398200709,1.775693658998331,John Doe,On
218.00453907230784,2023-12-20 08:00:00,-24.350374691084625,-184.3398183333333,27.291473454527274,2.0343395392527137,Jane Smith,On
152.79034434368722,2023-12-20 09:00:00,-50.77905647928896,-184.22262945081968,31.88394468544956,2.3830186060833296,Jane Smith,On
79.84592049809474,2023-12-20 10:00:00,-65.46702282500866,-184.517008,33.33777877266223,2.5975256034510963,Jane Smith,Standby
50.10400572213465,2023-12-20 11:00:00,-103.98262406270216,-184.23496516666663,39.70765141696355,2.8187450793352875,Jane Smith,Standby
166.63554919499808,2023-12-20 12:00:00,-22.973643995762394,-184.258525,33.572916460257176,3.204536879973712,Jane Smith,On
201.4364016501502,2023-12-20 13:00:00,-27.15582701285843,-184.18148657377048,27.411893457258188,3.7364152117609537,Jane Smith,On
223.447007950638,2023-12-20 14:00:00,-6.967167449540115,-184.30545955737705,10.902554603889074,4.235275257916499,Jane Smith,On
147.1262844151432,2023-12-20 15:00:00,-0.8649675487152138,-184.20994316666665,0.6569872486253767,4.235275257916499,Jane Smith,On
137.81693818435218,2023-12-20 16:00:00,0.0034955006929721,-184.5605994590164,0.0,4.322893458699214,Alex Brown,On
130.02549685253575,2023-12-20 17:00:00,0.0018504016329743,-184.6922220491804,0.0,4.329840587812039,Alex Brown,On
126.44732522450036,2023-12-20 18:00:00,0.0020096717363707,-184.9357387896175,0.0,4.51739062271154,Alex Brown,On
112.38597792159416,2023-12-20 19:00:00,0.0017607602969715,-184.8515088606557,0.0,4.645037922363214,Alex Brown,On
94.73979280479034,2023-12-20 20:00:00,-0.0001126902566922,-184.853792795082,0.0,4.827857537944791,Alex Brown,On
100.00708369128508,2023-12-20 21:00:00,0.0040632107750055,-184.97865261202185,0.0,5.076023185437481,Alex Brown,On
100.00708369128508,2023-12-20 22:00:00,0.0018033540128167,-184.97865261202185,0.0,5.214816140951256,Alex Brown,On
100.00708369128508,2023-12-20 23:00:00,0.0017234414548423,-184.92133037978144,0.0,5.230274348835772,Alex Brown,Standby
78.47640089884965,2023-12-21 00:00:00,0.0008431184095504,-185.01919816666663,0.0,5.209934101316788,John Doe,Standby
77.88068570457554,2023-12-21 01:00:00,0.0032921373826065,-185.00687660655737,0.0,5.140086565269738,John Doe,Standby
77.88068570457554,2023-12-21 02:00:00,0.0039335413590341,-185.0896789398907,0.0,5.211360040575221,John Doe,Standby
94.7453272076742,2023-12-21 03:00:00,0.0024725020778953,-184.9089073333333,0.0,5.243269623611012,John Doe,On
94.7453272076742,2023-12-21 04:00:00,0.0006315257788767,-184.9728776311476,0.0,5.352989853743918,John Doe,On
99.9412979067538,2023-12-21 05:00:00,0.0023112911980483,-184.43414066666665,0.0,5.227171368288421,John Doe,On
129.30612399811653,2023-12-21 06:00:00,0.0013393119749921,-184.676805,0.0,5.145695309425873,John Doe,On
150.65870866914898,2023-12-21 07:00:00,-1.769226670330752,-184.36946766666665,5.025631142979331,4.982126338953612,John Doe,On
226.8246550164742,2023-12-21 08:00:00,-8.140571234367707,-184.3154321557377,40.3406732123384,5.160383224887227,Jane Smith,On
226.8246550164742,2023-12-21 09:00:00,-11.842570377357715,-184.50659216666668,83.382347528944,5.843881610433555,Jane Smith,On
322.91934319051506,2023-12-21 10:00:00,-14.353218191953069,-184.3310553333333,104.48934579045364,6.432605530169998,Jane Smith,On
240.3934569556879,2023-12-21 11:00:00,-23.176033338639566,-184.44116733333328,203.1865676571732,7.4268260284060705,Jane Smith,On
229.31557256319013,2023-12-21 12:00:00,-32.13438251485827,-184.4503625,42.18768636059088,7.355873797021897,Jane Smith,On
308.1172694601073,2023-12-21 13:00:00,-18.04299032399001,-184.172273,41.30300298186061,7.544942534291469,Jane Smith,On
247.4798919755768,2023-12-21 14:00:00,-4.3982318975828765,-184.70269616666664,12.984987870160422,7.366129089425405,Jane Smith,On
240.08338211206527,2023-12-21 15:00:00,-0.1350185887101432,-184.45183866666667,2.670198162765249,7.495500339695397,Jane Smith,On
118.4127577184517,2023-12-21 16:00:00,0.0055167979031508,-184.5015833333333,0.0,7.179439908959052,Alex Brown,On
91.31663648605112,2023-12-21 17:00:00,-0.0015517024926287,-184.5015833333333,0.0,7.062483499571122,Alex Brown,On
79.52836845065447,2023-12-21 18:00:00,-0.0023002850101312,-184.52896166666665,0.0,7.120735796875309,Alex Brown,Standby
69.54625572107832,2023-12-21 19:00:00,0.0035570079263456,-184.9618865,0.0,7.120735796875309,Alex Brown,Standby
52.32772333882075,2023-12-21 20:00:00,0.0010838681949412,-184.99119716666667,0.0,6.914477706421484,Alex Brown,Standby
51.36002543018802,2023-12-21 21:00:00,0.0004946127386292,-185.39196716666663,0.0,7.279014558620759,Alex Brown,Standby
56.23425655203212,2023-12-21 22:00:00,-0.001803818899358,-185.2199558333333,0.0,7.34321394785372,Alex Brown,Standby
50.8185331867476,2023-12-21 23:00:00,-0.0013096300504013,-185.1276615,0.0,7.076732369782553,Alex Brown,Standby
50.8185331867476,2023-12-22 00:00:00,0.0026436793306282,-185.06708916666668,0.0,6.88625501035009,John Doe,Standby
51.38743667103012,2023-12-22 01:00:00,-0.0006424962399586,-185.5626425,0.0,6.951074869884729,John Doe,Standby
54.03642396227397,2023-12-22 02:00:00,0.0027680295165318,-185.432257,0.0,7.096598601558735,John Doe,Standby
65.43362162451187,2023-12-22 03:00:00,-0.0002146536949506,-185.1876895,0.0,7.505279387857359,John Doe,Standby
68.13082741610462,2023-12-22 04:00:00,0.0022970201402194,-185.2143933333333,0.0,7.998663944850862,John Doe,Standby
67.60133468750223,2023-12-22 05:00:00,0.0028431013784807,-185.1472468333333,0.0,8.354323106314977,John Doe,Standby
84.67192530050941,2023-12-22 06:00:00,0.0012028939325477,-184.7408315,0.0,8.347350819861942,John Doe,On
93.79997120032776,2023-12-22 07:00:00,-2.6402837900260003,-184.4270894583333,0.1691875806525014,8.347350819861942,John Doe,On
92.8225031037002,2023-12-22 08:00:00,-10.817684741080033,-184.6244568333333,6.874664526853735,8.508286355689952,Jane Smith,On
92.8822851691332,2023-12-22 09:00:00,-27.79233083526891,-184.2949178333333,29.57725891883425,8.459574093224635,Jane Smith,On
92.8822851691332,2023-12-22 10:00:00,-47.74314195843332,-184.4843105,40.17457334045482,9.145107782226656,Jane Smith,Standby
75.11468465790223,2023-12-22 11:00:00,-34.726719792798505,-184.9307385,29.997352741575323,8.948717467779598,Jane Smith,Standby
87.18853569156796,2023-12-22 12:00:00,-16.620691621541837,-184.65526066666663,30.54468302516791,9.05437700079704,Jane Smith,On
83.33973663918204,2023-12-22 13:00:00,-19.31442544270513,-184.7010155,28.556289825372268,9.212367977147435,Jane Smith,On
88.1801702722307,2023-12-22 14:00:00,-11.14805374873344,-184.7010155,13.534452280447418,9.917395008547611,Jane Smith,On
94.29223651108514,2023-12-22 15:00:00,-0.0136388810194468,-184.9192955,2.355863662179965,10.462289599397856,Jane Smith,On
85.11853128611827,2023-12-22 16:00:00,0.0010590688651452,-184.9753208333333,1.3279785961464667,11.211946834920916,Alex Brown,On
79.43909528877235,2023-12-22 17:00:00,0.0024101629594209,-185.20996316666665,0.6272243206690894,11.526947421947009,Alex Brown,Standby
70.14042031310896,2023-12-22 18:00:00,0.0017721371253087,-184.88470766666669,0.0,10.48853882670475,Alex Brown,Standby
66.87166318255369,2023-12-22 19:00:00,0.0022383842984857,-184.9200948333333,0.0871308692735157,7.8108833951582834,Alex Brown,Standby
44.12653473941504,2023-12-22 20:00:00,-0.0008770794477319,-185.32032183333328,0.7199718865663798,6.2627329438367525,Alex Brown,Standby
43.96413663808347,2023-12-22 21:00:00,0.0024707644621477,-185.16461183333337,0.189164460906477,6.941561260137038,Alex Brown,Standby
39.656654488323895,2023-12-22 22:00:00,0.0012825239176133,-185.46932216666667,0.0,5.632814228555251,Alex Brown,Off
57.835893154640814,2023-12-22 23:00:00,0.0009587947261437,-163.97590516666668,0.0,5.287969217701363,Alex Brown,Standby
36.934661862982814,2023-12-23 00:00:00,0.0022322456962146,-185.2592593333333,0.0,5.8885156666893534,John Doe,Off
36.38485819729147,2023-12-23 01:00:00,0.0013774469974265,-185.61038787158472,0.0,5.491471424435091,John Doe,Off
42.903897491804834,2023-12-23 02:00:00,-0.0004880294310102,-185.5181615409836,0.0013903746805079,5.023248356458617,John Doe,Off
38.7205607167052,2023-12-23 03:00:00,0.0009688621139143,-185.52449366666664,0.023827260595858,4.738344357281376,John Doe,Off
35.08519500608847,2023-12-23 04:00:00,0.0049728650166657,-185.2504113087432,0.0875866226189061,5.595327626391465,John Doe,Off
34.36418462962692,2023-12-23 05:00:00,-0.0036333470315659,-185.2756193469945,0.0,6.107936845286728,John Doe,Off
38.349742776514816,2023-12-23 06:00:00,0.0006525566101915,-185.3421610464481,0.2485766822792186,6.606451142906156,John Doe,Off
35.0105954452571,2023-12-23 07:00:00,-2.162470410227452,-185.3421610464481,7.786307554931513,7.860896433453373,John Doe,Off
17.268179072906655,2023-12-23 08:00:00,-18.023388177428657,-185.04619683333328,15.31513847200189,7.395864441552025,Jane Smith,Off
17.268179072906655,2023-12-23 09:00:00,-28.56126794288156,-185.0390212677596,39.05355743117902,7.1865671203469725,Jane Smith,Off
-1.7649397124148671,2023-12-23 10:00:00,-35.779940370792175,-184.79783359836068,76.21882892502927,7.213320390054235,Jane Smith,Off
41.6078276627584,2023-12-23 11:00:00,-48.2652090910615,-135.03065882786885,56.29933788375051,8.475049094624236,Jane Smith,Off
1.0378098376681009,2023-12-23 12:00:00,-39.17271968723529,-181.24928021038247,26.93365593397048,8.438668613740713,Jane Smith,Off
29.74444426337203,2023-12-23 13:00:00,-32.12415214441129,-153.78882718306008,30.38591268868066,8.555629529624717,Jane Smith,Off
29.74444426337203,2023-12-23 14:00:00,-13.752039544808202,-141.95172823497268,24.11984316070277,9.457454406338412,Jane Smith,Standby
36.08296711366503,2023-12-23 15:00:00,-0.5224769253675994,-184.9405255464481,1.193913770196764,9.924032707230362,Jane Smith,Off
35.15352088699387,2023-12-23 16:00:00,0.0040673265373683,-181.35347373224045,0.9573700212328456,10.126481334923009,Alex Brown,Off
59.49258964350757,2023-12-23 17:00:00,0.0011625407978629,-159.23204231967213,0.1338049939912693,9.602529724147162,Alex Brown,Standby
31.604085206372503,2023-12-23 18:00:00,0.002815301036731,-185.28337246174863,0.5485157838050977,9.697792094193266,Alex Brown,Off
50.28885396949867,2023-12-23 19:00:00,0.0004689225649921,-171.3784147896175,0.2665200471773196,9.599268960140677,Alex Brown,Standby
34.27999295274148,2023-12-23 20:00:00,0.0022548021874184,-185.2802314125683,0.1968948746990101,9.718561760597892,Alex Brown,Off
31.803754775567416,2023-12-23 21:00:00,0.0064928866797759,-185.3726325,0.6089814077134819,10.217624374692244,Alex Brown,Off
29.93381390162668,2023-12-23 22:00:00,-7.22263544389059e-05,-185.3726325,0.0050616165039403,10.414057085466494,Alex Brown,Off
30.597305266325755,2023-12-23 23:00:00,0.0010458092859049,-185.56568248907104,0.0,9.028014544466153,Alex Brown,Off
89.90947978596442,2023-12-24 00:00:00,0.0006682537811748,-133.42809949999997,0.4686338728928916,8.07368200195028,John Doe,On
89.90947978596442,2023-12-24 01:00:00,-3.15740930359023e-05,-185.65831042349728,0.0734492520945306,7.786916481430102,John Doe,Off
89.77107830087695,2023-12-24 02:00:00,0.0001253751573165,-129.31343358469942,0.0,7.790401394971908,John Doe,On
31.840969094371044,2023-12-24 03:00:00,0.0023563736064899,-185.7162818333333,0.0,7.568196281296784,John Doe,Off
33.04684342898903,2023-12-24 04:00:00,-0.0010080860308701,-185.5941254590164,0.0,7.993387913294894,John Doe,Off
79.55587253060837,2023-12-24 05:00:00,0.0030986440144479,-142.6811147568306,0.0,8.679144934888676,John Doe,Standby
33.207089276375974,2023-12-24 06:00:00,0.0034902710056217,-185.3341495,0.0,8.587442942058583,John Doe,Off
35.40175725629581,2023-12-24 07:00:00,-0.6212317138856408,-185.1465193333333,3.5861541973780064,8.858225476539193,John Doe,Off
23.7748934646328,2023-12-24 08:00:00,-9.887253693195646,-185.11071066666668,27.42246662454274,8.967475702695785,Jane Smith,Off
13.080498396333017,2023-12-24 09:00:00,-21.81399315814065,-184.9777125,45.3773844119065,9.040033922950638,Jane Smith,Off
13.080498396333017,2023-12-24 10:00:00,-49.48084840785749,-143.501039,52.18663012294007,9.14783703912462,Jane Smith,Off
32.62545119461172,2023-12-24 11:00:00,-48.174926218324,-137.48046283333335,71.90335940205394,9.906641743784482,Jane Smith,Off
30.135415834853426,2023-12-24 12:00:00,-14.477629281922011,-173.0760283333333,61.15657884895791,10.249023570689625,Jane Smith,Off
78.19231435391741,2023-12-24 13:00:00,-8.346377542072183,-130.03336066666665,46.38202519981197,10.613595129580824,Jane Smith,Standby
27.514928630428432,2023-12-24 14:00:00,-6.014992318343028,-184.8680565,25.48508529127026,10.563713704305044,Jane Smith,Off
39.37455577936557,2023-12-24 15:00:00,-0.2072423610314805,-178.31342249999997,1.991894898393241,10.63507946574134,Jane Smith,Off
72.25002622777671,2023-12-24 16:00:00,0.0028866065719569,-139.58186683333332,0.0,10.657912637561273,Alex Brown,Standby
82.41087276778984,2023-12-24 17:00:00,0.0033500236735556,-133.05500666666669,0.0,10.328304917196965,Alex Brown,Standby
59.83494984572154,2023-12-24 18:00:00,0.0012101652329923,-133.05500666666669,0.0,9.74568210005374,Alex Brown,Standby
62.72421465107286,2023-12-24 19:00:00,0.0010994350516972,-153.566758,0.0,9.455263417941824,Alex Brown,Standby
60.05600728458125,2023-12-24 20:00:00,0.0010307028994043,-156.20661266666664,0.0,9.52557305911892,Alex Brown,Standby
60.05600728458125,2023-12-24 21:00:00,-0.0008569986545223,-125.97815983333332,0.0,9.388261285164502,Alex Brown,On
47.67684307531509,2023-12-24 22:00:00,-0.0040109087522435,-171.20672633333334,0.0051390503199679,9.64729190177854,Alex Brown,Standby
71.17985929488269,2023-12-24 23:00:00,-0.0007582501358013,-146.27860566666666,0.0,9.820470597360076,Alex Brown,Standby
79.10174331399719,2023-12-25 00:00:00,-0.0006493890396444,-135.2956145,0.0,9.820470597360076,John Doe,Standby
29.32934373873128,2023-12-25 01:00:00,-0.0017974552439729,-185.3847123333333,0.0,10.561392316756184,John Doe,Off
55.345891007117416,2023-12-25 02:00:00,-0.0011359552625586,-161.24055266666664,0.0,10.686345859767515,John Doe,Standby
56.99004068830024,2023-12-25 03:00:00,-0.0006934212246993,-159.27191166666665,0.0,10.523752285483496,John Doe,Standby
56.1606186880228,2023-12-25 04:00:00,0.0011784702478777,-161.05131316666666,0.0,10.228693367942723,John Doe,Standby
56.1606186880228,2023-12-25 05:00:00,0.0022640441758667,-137.60112466666666,0.0,9.95482998856524,John Doe,Standby
29.928936162183643,2023-12-25 06:00:00,-0.0022705396954117,-185.55395266666667,0.0,9.001167976276177,John Doe,Off
33.412739231107786,2023-12-25 07:00:00,-0.5468733146685631,-185.1376925,1.0532048884059646,8.849015881732736,John Doe,Off
26.21764545285057,2023-12-25 08:00:00,-8.007434181056233,-185.18595916666663,14.810051887846118,8.988708391632235,Jane Smith,Off
15.914523697986295,2023-12-25 09:00:00,-16.89278151667199,-185.04046883333328,32.08233099322021,9.398979266274134,Jane Smith,Off
8.289157790944664,2023-12-25 10:00:00,-26.20758695405629,-185.114987,71.54786325168493,9.973843091702292,Jane Smith,Off
-10.421108912898482,2023-12-25 11:00:00,-45.93667077347754,-184.6393025,77.10095566649547,10.55163657238631,Jane Smith,Off
-10.421108912898482,2023-12-25 12:00:00,-32.664988909716186,-130.79076516666666,23.069621740514023,11.057629881451785,Jane Smith,Standby
31.828929718416724,2023-12-25 13:00:00,-29.47265553594142,-155.49699233333334,13.596100305697416,11.353877367846508,Jane Smith,Off
18.397825471900973,2023-12-25 14:00:00,-13.494355685105976,-185.30205341666664,10.936387803442338,10.403441522523018,Jane Smith,Off
48.15468192323789,2023-12-25 15:00:00,-0.472101888634651,-170.25234533333332,1.4062945740431103,10.436880252422934,Jane Smith,Standby
65.93058418165171,2023-12-25 16:00:00,0.0020007008894314,-153.2430445,0.0033348114919039,10.972472449665704,Alex Brown,Standby
36.986512420594025,2023-12-25 17:00:00,0.0028207294036433,-185.21247416666665,0.0,10.97377887587486,Alex Brown,Off
83.09292056261026,2023-12-25 18:00:00,0.0002058647708642,-133.79589850000002,0.0,11.04320205967249,Alex Brown,On
31.72334604231405,2023-12-25 19:00:00,0.000750878903386,-185.3507726666666,0.0,11.35038330144558,Alex Brown,Off
37.31863779251456,2023-12-25 20:00:00,-0.0017679721391287,-181.0616188333333,0.0,11.686814121361907,Alex Brown,Off
83.61129165724054,2023-12-25 21:00:00,0.0012368941754243,-133.9664325,0.0,11.64945257717661,Alex Brown,On
83.61129165724054,2023-12-25 22:00:00,-0.0019082896030366,-145.0117985,0.0,11.686584375036189,Alex Brown,Standby
45.91334022675315,2023-12-25 23:00:00,2.05595600729482e-05,-170.94525933333335,0.0,11.54197283841543,Alex Brown,Standby
80.61537199578476,2023-12-26 00:00:00,0.0025404530377137,-134.414119,0.0,11.33220794783474,John Doe,Standby
31.253913428230184,2023-12-26 01:00:00,-0.003181583415945,-185.8724024644809,0.0,10.752852369715514,John Doe,Off
84.95693709779177,2023-12-26 02:00:00,-0.001355276419928,-129.66889016666667,0.0,10.7297095191059,John Doe,On
30.4828654661208,2023-12-26 03:00:00,-0.0037928460234983,-185.6730618333333,0.0,10.720071816323657,John Doe,Off
47.15990815183232,2023-12-26 04:00:00,0.0003861126787816,-163.93905023224045,0.0,10.535120466268031,John Doe,Standby
62.16729591693377,2023-12-26 05:00:00,-0.0023694650398242,-154.03304214480875,0.0,10.039812921573487,John Doe,Standby
39.27137753735333,2023-12-26 06:00:00,-0.0050371643396422,-154.03304214480875,0.0,9.070046600863265,John Doe,Off
33.40688796449921,2023-12-26 07:00:00,-0.5798975799666931,-185.2467093306011,1.1759983273900343,9.011739189461002,John Doe,Off
16.130340770413984,2023-12-26 08:00:00,-16.990918956547553,-184.9551492704918,13.320741236437508,9.13016753185546,Jane Smith,Off
35.74246979023714,2023-12-26 09:00:00,-21.96407955680857,-161.19539966666667,25.200464719210327,9.466472029065784,Jane Smith,Off
35.74246979023714,2023-12-26 10:00:00,-44.16674524080136,-157.54627041530054,39.13214990142024,9.887824221185022,Jane Smith,Off
-21.55141016584599,2023-12-26 11:00:00,-71.22012041133947,-184.1483963251366,71.34633331149796,10.26708503263371,Jane Smith,Off
-21.55141016584599,2023-12-26 12:00:00,-63.52953027843867,-131.911507,51.22057834702444,10.616708248888976,Jane Smith,Off
-3.869450124391929,2023-12-26 13:00:00,-60.2564421389606,-165.22734625136613,48.22274482634853,10.863668622260551,Jane Smith,Off
23.139390784388624,2023-12-26 14:00:00,-38.13578605208121,-152.88178184153006,24.81963703135067,10.864818132943766,Jane Smith,Off
23.139390784388624,2023-12-26 15:00:00,-2.343587854753421,-184.9156085928961,1.4941964554075102,10.731189800552691,Jane Smith,Off
23.139390784388624,2023-12-26 16:00:00,-0.0014469396844256,-184.6688594098361,0.0,10.713516112781935,Alex Brown,Off
31.653946832020125,2023-12-26 17:00:00,-0.0050208052451484,-184.99956118032787,0.0,10.785824755065716,Alex Brown,Off
32.2069948018234,2023-12-26 18:00:00,-0.0005662895781287,-184.87197968032785,0.0,10.744393399347404,Alex Brown,Off
32.5231705522961,2023-12-26 19:00:00,0.0023223491600239,-185.05217172131145,0.0,10.663362817441024,Alex Brown,Off
33.194580141682295,2023-12-26 20:00:00,0.0009049035609569,-184.97913516666665,0.0,10.682856341319685,Alex Brown,Off
31.92818561783206,2023-12-26 21:00:00,-0.0042091479372665,-185.0572140874317,0.0,10.62653670877274,Alex Brown,Off
30.007295668812425,2023-12-26 22:00:00,-0.0028099461840315,-184.81360103005463,0.0,10.745934639398456,Alex Brown,Off
34.147288280517564,2023-12-26 23:00:00,-0.0128660326679843,-184.90863642076505,0.0,10.81578252478068,Alex Brown,Off
36.183045299313015,2023-12-27 00:00:00,-0.0024140169075412,-184.959606,0.0,10.712801257321384,John Doe,Off
34.8136031789285,2023-12-27 01:00:00,-0.005621908832227,-185.0881110737705,0.0,10.564138646014396,John Doe,Off
34.8136031789285,2023-12-27 02:00:00,-0.002414562341394,-185.0332450464481,0.0,10.45182233486672,John Doe,Off
46.857567802364265,2023-12-27 03:00:00,-0.0043163632584669,-184.88219866666665,0.0,10.686358044221326,John Doe,Standby
46.857567802364265,2023-12-27 04:00:00,-0.0064750896633757,-185.0333573333333,0.0,10.515484570743087,John Doe,Standby
53.60327311566583,2023-12-27 05:00:00,-0.0030174294705231,-185.135276,0.0,10.289042661550951,John Doe,Standby
63.36142230377863,2023-12-27 06:00:00,-0.0056380736552584,-185.3246813333333,0.0,10.324808125209069,John Doe,Standby
67.41854224614349,2023-12-27 07:00:00,-0.9768840584941256,-184.8563638333333,0.9727656035392888,10.249182565753472,John Doe,Standby
46.14264507479472,2023-12-27 08:00:00,-20.17660841492496,-184.70165014480875,24.780410597576743,10.355960656376332,Jane Smith,Standby
1.7523330490712543,2023-12-27 09:00:00,-66.2362466200014,-184.62340866666665,33.351833616909715,10.276132383756504,Jane Smith,Off
-4.530091383851089,2023-12-27 10:00:00,-71.00781503800864,-184.5748545,62.3996327080346,9.890342786031333,Jane Smith,Off
10.010265371794492,2023-12-27 11:00:00,-74.03787505676499,-184.376852,116.14086120379945,10.284363700735089,Jane Smith,Off
-15.130337012179428,2023-12-27 12:00:00,-99.7931591207892,-184.52481916666667,106.70062757957048,10.549519122169391,Jane Smith,Off
15.993980455714611,2023-12-27 13:00:00,-46.35620629524296,-184.6972025,124.7415598398704,10.933789377114008,Jane Smith,Off
35.544099255876006,2023-12-27 14:00:00,-25.326477612170624,-184.58737566666665,86.67363147508715,11.34236654901969,Jane Smith,Off
53.15942619708729,2023-12-27 15:00:00,-1.5910549677928902,-184.58737566666665,6.642776877431225,11.044099701334895,Jane Smith,Standby
54.68967756293311,2023-12-27 16:00:00,-0.0025334334233743,-184.863693,0.0,10.309494143220869,Alex Brown,Standby
57.962836971221286,2023-12-27 17:00:00,-0.0015008995621473,-185.0611953333333,0.00075154309161,9.504335008527995,Alex Brown,Standby
53.42944583135891,2023-12-27 18:00:00,-0.0041856532395871,-185.09054233333327,0.0,9.096756583324913,Alex Brown,Standby
50.02468038226073,2023-12-27 19:00:00,0.006211692276644,-185.2065543333333,0.0,8.432932083604113,Alex Brown,Standby
37.19203418318462,2023-12-27 20:00:00,-0.0044092309413142,-185.3916968333333,7.515431692201666e-05,8.08985244191552,Alex Brown,Off
35.42913488929819,2023-12-27 21:00:00,-0.0033981909313121,-185.1772633333333,0.0,8.347835298848878,Alex Brown,Off
31.135763761540016,2023-12-27 22:00:00,-0.0027137992891483,-185.462015,0.0,7.532518403723727,Alex Brown,Off
35.21667306697825,2023-12-27 23:00:00,-0.0009663259320273,-185.5581916666667,0.0,6.5464838072970775,Alex Brown,Off
36.11341830891617,2023-12-28 00:00:00,-0.0024752248924872,-185.75577483333333,0.0,6.254926891790955,John Doe,Off
35.33863475369971,2023-12-28 01:00:00,0.0008350187042748,-185.6480873333333,0.0,5.860433930363231,John Doe,Off
73.34611182414156,2023-12-28 02:00:00,0.0002415317709591,-141.19968783333334,0.0,5.860433930363231,John Doe,Standby
48.959325510495326,2023-12-28 03:00:00,0.0001924441535436,-182.25041916666663,0.0359174923546306,5.187455864514105,John Doe,Standby
43.11171761634389,2023-12-28 04:00:00,0.0015159576130376,-185.4931025,0.0,5.406859328357391,John Doe,Off
47.68180453335635,2023-12-28 05:00:00,-0.0012159145641425,-185.6902098333333,0.0,6.086162905758556,John Doe,Standby
58.81241478284736,2023-12-28 06:00:00,-0.0019727488819661,-185.34720266666667,0.0,6.63473148138237,John Doe,Standby
52.84539552302769,2023-12-28 07:00:00,-0.7279177861759039,-184.9625785,1.5171457281592036,6.810194800705206,John Doe,Standby
33.167961812204915,2023-12-28 08:00:00,-20.49223862879538,-184.78135416666663,27.527079066445463,7.322784559862989,Jane Smith,Off
2.7635761959630765,2023-12-28 09:00:00,-51.390711357706046,-184.66568866666668,103.39592132808852,8.604795015423031,Jane Smith,Off
-27.02231868910348,2023-12-28 10:00:00,-83.45426756586886,-184.8720223333333,113.38994007010068,9.444888478226542,Jane Smith,Off
-62.21951002730772,2023-12-28 11:00:00,-133.4895527892853,-184.8720223333333,120.70380599955436,9.937657769009755,Jane Smith,Off
-32.258247842914095,2023-12-28 12:00:00,-92.18145753539402,-185.2490121666667,166.5431121097714,10.733167641242536,Jane Smith,Off
7.541061937821243,2023-12-28 13:00:00,-47.25879671209351,-184.67880166666663,74.57617673545737,10.374854399453168,Jane Smith,Off
7.541061937821243,2023-12-28 14:00:00,-13.408089155950018,-184.9307605,44.10565816724345,9.56895594579404,Jane Smith,Off
51.843078219983845,2023-12-28 15:00:00,-3.0277701500811984,-184.96152666666669,4.496242019983998,8.955482400044769,Jane Smith,Standby
52.6706299080633,2023-12-28 16:00:00,0.0038815404543431,-184.96152666666669,0.0,8.004094297616048,Alex Brown,Standby
58.51282332849405,2023-12-28 17:00:00,0.0015219454832347,-184.863638,0.0,6.997807142816634,Alex Brown,Standby
47.90568951831428,2023-12-28 18:00:00,-0.0005462147844116,-185.0019355,0.0,6.347498613188391,Alex Brown,Standby
50.06547698328055,2023-12-28 19:00:00,0.001027495632953,-185.2180908333333,0.0,5.274023990969141,Alex Brown,Standby
35.477688782344394,2023-12-28 20:00:00,0.0031605831656191,-185.39831066666667,0.0,3.925638399763033,Alex Brown,Off
33.85408761027832,2023-12-28 21:00:00,-0.0036178872962872,-185.3030073333333,0.0388041210197277,3.396834937877477,Alex Brown,Off
59.1817784756374,2023-12-28 22:00:00,0.0008270926451844,-159.78841633333332,0.0045062839174696,2.877840473147672,Alex Brown,Standby
34.29879315376727,2023-12-28 23:00:00,0.0031430222879327,-185.57297775956283,0.0,2.1309031250775985,Alex Brown,Off
69.92874595080363,2023-12-29 00:00:00,0.0027257458712287,-150.56684752459017,0.902780176272932,4.588728168688691,John Doe,Standby
27.982620918394648,2023-12-29 01:00:00,-0.0036415598804419,-150.56684752459017,1.248710229923634,8.824248747578538,John Doe,Off
33.91269956283813,2023-12-29 02:00:00,-0.0018762828077155,-185.39671748907105,0.1030159970078072,10.398022467265438,John Doe,Off
47.63699556247328,2023-12-29 03:00:00,-0.0017544113033345,-185.56757783333327,0.0,9.85312939264808,John Doe,Standby
46.61935306350894,2023-12-29 04:00:00,-0.0018513604130278,-185.601485,0.0,9.535189480385592,John Doe,Standby
52.27106942167865,2023-12-29 05:00:00,-0.0046714303042702,-185.3171788224044,0.0,9.533776553079768,John Doe,Standby
61.63933162859714,2023-12-29 06:00:00,-0.0031522077445705,-185.1958934043716,0.0,9.485802289367085,John Doe,Standby
61.31580681006528,2023-12-29 07:00:00,-1.5961142782913151,-185.2539183715847,1.4879937614147876,9.641233796853394,John Doe,Standby
40.010726488322256,2023-12-29 08:00:00,-18.438845180547705,-185.2539183715847,30.0846944841175,9.886086898835355,Jane Smith,Off
27.310918908257,2023-12-29 09:00:00,-29.12451988373924,-185.0638929180328,91.88910178616992,10.250274378141969,Jane Smith,Off
27.310918908257,2023-12-29 10:00:00,-34.11740031680626,-185.0786926885246,156.63090486755658,10.971650224704318,Jane Smith,Off
27.310918908257,2023-12-29 11:00:00,-38.39638806542947,-184.8717555,282.4428843883927,11.564255506828992,Jane Smith,Off
-8.757780506936891,2023-12-29 12:00:00,-67.71568776952536,-185.06224,225.80581471725284,11.756092463523627,Jane Smith,Off
-8.00220934639717,2023-12-29 13:00:00,-61.76404785395366,-185.2705873989071,92.36235367586514,11.350529162106085,Jane Smith,Off
28.906520936564263,2023-12-29 14:00:00,-29.38426436219486,-184.96472778688525,27.09886777270489,10.61392066561998,Jane Smith,Off
56.31780713676529,2023-12-29 15:00:00,-1.194860880644486,-185.05656366666668,6.655737567300309,10.290871030964556,Jane Smith,Standby
58.810353449695526,2023-12-29 16:00:00,-0.0009659584510293,-184.94507862568304,0.0513633713562689,9.780677550630484,Alex Brown,Standby
58.91498130932346,2023-12-29 17:00:00,-0.0003489079345796,-185.076822226776,0.0027874963820972,9.572928781767416,Alex Brown,Standby
55.18749377331242,2023-12-29 18:00:00,-0.0022856987661809,-185.08065561202184,0.0,9.35653464000474,Alex Brown,Standby
57.57654986050821,2023-12-29 19:00:00,-0.0043143119459838,-185.61542247814208,0.0107356429804161,9.550110968052827,Alex Brown,Standby
47.69216664962079,2023-12-29 20:00:00,-0.003150175292025,-185.5103138743169,0.0005260866556018,9.604098712858356,Alex Brown,Standby
73.8857830068524,2023-12-29 21:00:00,-0.0042218719110059,-155.8371055355191,0.0,9.706852248362576,Alex Brown,Standby
44.8476623721567,2023-12-29 22:00:00,-0.0067050694769401,-185.538033,0.0,10.011506117047368,Alex Brown,Standby
44.8476623721567,2023-12-29 23:00:00,0.000638465432456,-136.31700187431696,0.0,10.079941733156195,Alex Brown,On
44.42391403081134,2023-12-30 00:00:00,0.0028154461401321,-185.46825408469945,0.0,10.04394442483488,John Doe,Standby
44.42391403081134,2023-12-30 01:00:00,0.0003546518791744,-185.57824583333328,0.0168323395129865,10.090770690017234,John Doe,Off
39.01503886773656,2023-12-30 02:00:00,-0.001823759632106,-185.6990418333333,0.009375425459712,10.227513520299317,John Doe,Off
39.32821212145296,2023-12-30 03:00:00,-0.0011547453032653,-185.6457874535519,0.0,9.91297884336272,John Doe,Off
62.73604602933125,2023-12-30 04:00:00,0.0014964144000288,-160.0333955,0.0,9.634880069968167,John Doe,Standby
66.86239543967811,2023-12-30 05:00:00,-0.005815206992844,-159.26791483333335,0.0405968555707652,9.767912964501257,John Doe,Standby
44.03463249523559,2023-12-30 06:00:00,-0.0070065646415043,-185.6302403333333,5.642512328526257e-05,10.102367944764437,John Doe,Standby
36.37457314456209,2023-12-30 07:00:00,-5.267989790710883,-185.4505405,2.390961834450394,10.533092070846434,John Doe,Off
8.413207235292067,2023-12-30 08:00:00,-32.759420626968314,-184.9326338333333,27.349321291189348,10.758194469644303,Jane Smith,Off
11.780782578176831,2023-12-30 09:00:00,-64.39919531832378,-147.40320016666666,45.43784117498206,11.102024252313315,Jane Smith,Off
14.693421857890034,2023-12-30 10:00:00,-67.98513283622906,-147.35033966666666,53.75073824956021,11.479474589086545,Jane Smith,Off
33.2356500966493,2023-12-30 11:00:00,-69.18443443501499,-120.43571216666666,57.50854391586408,11.622263023414904,Jane Smith,Off
32.08295890133235,2023-12-30 12:00:00,-63.41944394036516,-126.8975455,107.9500044219901,11.696914046525452,Jane Smith,Off
33.6563590180854,2023-12-30 13:00:00,-62.080885225243975,-126.97484683333334,111.2129596682137,11.696914046525452,Jane Smith,Off
10.205002660280384,2023-12-30 14:00:00,-25.94416845661665,-126.97484683333334,57.65718911548275,11.542332511753685,Jane Smith,Off
38.6331536033496,2023-12-30 15:00:00,-2.698993079289449,-185.07596,3.564909139767862,11.388812275502074,Jane Smith,Off
41.11182517502608,2023-12-30 16:00:00,0.0061228579269262,-185.11251116666665,0.0,11.15449565956786,Alex Brown,Off
47.86495615035517,2023-12-30 17:00:00,0.0056926624800327,-185.10895216666668,0.0,10.85377759720901,Alex Brown,Standby
48.62067335144226,2023-12-30 18:00:00,-0.0055861994554441,-185.0639425,0.0,10.858012327479248,Alex Brown,Standby
44.51103869187202,2023-12-30 19:00:00,-0.0049335603245235,-185.13057016666667,0.0,11.016521795954429,Alex Brown,Standby
45.83166764543347,2023-12-30 20:00:00,-0.0003191965501253,-185.1177228333333,0.0090004464697393,10.508000124331184,Alex Brown,Standby
42.34764424263772,2023-12-30 21:00:00,-0.0007200152270121,-185.1177228333333,0.0276547833726035,9.904646014417724,Alex Brown,Off
41.62800541123639,2023-12-30 22:00:00,-0.0032512912527162,-185.4148935819672,0.0520128943804918,9.964703759291856,Alex Brown,Off
35.52217550967645,2023-12-30 23:00:00,0.0092701996022617,-185.4035075,0.0094291496910857,9.582211665617356,Alex Brown,Off
42.28656851477569,2023-12-31 00:00:00,-0.0047827001211576,-185.49465616666663,0.0,9.766042901630946,John Doe,Off
40.884810684719646,2023-12-31 01:00:00,-0.0022706726183176,-185.362972,0.0,9.597577313411572,John Doe,Off
46.09585596009808,2023-12-31 02:00:00,-0.003071685781083,-185.2341045,0.0,9.43100892158727,John Doe,Standby
44.91696969544751,2023-12-31 03:00:00,-0.0025802753435159,-185.3625553333333,3.7577158461e-05,9.339673809915933,John Doe,Standby
46.87333617047325,2023-12-31 04:00:00,-0.0023772915083519,-185.36614466666663,0.0018788622765115,9.539741777541169,John Doe,Standby
42.65881544539986,2023-12-31 05:00:00,-0.0039813922521186,-185.32465366666668,0.0,9.432407111931722,John Doe,Off
39.32115473252392,2023-12-31 06:00:00,-0.0040366842857964,-185.428827,0.0036074438615091,8.972111094823163,John Doe,Off
37.89275014995153,2023-12-31 07:00:00,-0.5721316052059854,-185.20723016666668,8.162678775875763,8.412212379958577,John Doe,Off
24.59921890561757,2023-12-31 08:00:00,-10.878216591269684,-185.29489816666668,52.21001915532452,8.726914626053208,Jane Smith,Off
8.258329131453298,2023-12-31 09:00:00,-29.6646414403516,-185.15923816666665,113.1165429882366,9.4999169949938,Jane Smith,Off
18.336173748552667,2023-12-31 10:00:00,-17.86361901846443,-185.11379683333337,119.87072993070952,10.175180652145247,Jane Smith,Off
17.086159531891216,2023-12-31 11:00:00,-19.7813260116624,-185.013195,113.35620516785288,10.789189218709431,Jane Smith,Off
44.81018521267685,2023-12-31 12:00:00,-45.789729222481846,-127.83822466666666,119.99844922739813,10.789189218709431,Jane Smith,Standby
10.219843457324664,2023-12-31 13:00:00,-33.47648771400125,-174.17447166666668,149.5110290344867,11.309408428779928,Jane Smith,Off
53.00780180100711,2023-12-31 14:00:00,-12.018233043160537,-152.92820250000003,59.79178417126636,10.84764866012256,Jane Smith,Standby
36.8048035617506,2023-12-31 15:00:00,-0.8993911719897754,-185.4025808333333,7.913567348669086,10.84764866012256,Jane Smith,Off
45.25269210132693,2023-12-31 16:00:00,0.0006480476006168,-185.4626966666667,0.0,8.2733967977431,Alex Brown,Standby
46.21362568890632,2023-12-31 17:00:00,0.0019705165886623,-185.4628235,0.1286782640108982,7.245932482203731,Alex Brown,Standby
43.561160087692606,2023-12-31 18:00:00,0.0024183228538098,-185.4119733333333,0.0491490342932936,7.640622452868608,Alex Brown,Off
47.80507765928572,2023-12-31 19:00:00,-0.0036391354154247,-185.2135816666667,0.0357827513364691,7.4833557422296675,Alex Brown,Standby
42.78009248875447,2023-12-31 20:00:00,-0.0018664353706571,-185.3475091666667,0.0,7.485983234392677,Alex Brown,Off
41.52741063054315,2023-12-31 21:00:00,-0.004328589285997,-185.5225929180328,0.0,7.081147223948713,Alex Brown,Off
46.8897375679878,2023-12-31 22:00:00,-0.0050889672346131,-185.6054852939513,0.3350189497155764,6.426002322095925,Alex Brown,Standby
